type,Date,Price
brent,1987-05-15,18.58
brent,1987-06-15,18.86
brent,1987-07-15,19.86
brent,1987-08-15,18.98
brent,1987-09-15,18.31
brent,1987-10-15,18.76
brent,1987-11-15,17.78
brent,1987-12-15,17.05
brent,1988-01-15,16.75
brent,1988-02-15,15.73
brent,1988-03-15,14.73
brent,1988-04-15,16.6
brent,1988-05-15,16.31
brent,1988-06-15,15.54
brent,1988-07-15,14.91
brent,1988-08-15,14.89
brent,1988-09-15,13.18
brent,1988-10-15,12.41
brent,1988-11-15,13.02
brent,1988-12-15,15.31
brent,1989-01-15,17.17
brent,1989-02-15,16.89
brent,1989-03-15,18.7
brent,1989-04-15,20.32
brent,1989-05-15,18.63
brent,1989-06-15,17.67
brent,1989-07-15,17.62
brent,1989-08-15,16.77
brent,1989-09-15,17.77
brent,1989-10-15,18.91
brent,1989-11-15,18.73
brent,1989-12-15,19.84
brent,1990-01-15,21.25
brent,1990-02-15,19.81
brent,1990-03-15,18.39
brent,1990-04-15,16.61
brent,1990-05-15,16.35
brent,1990-06-15,15.1
brent,1990-07-15,17.17
brent,1990-08-15,27.17
brent,1990-09-15,34.9
brent,1990-10-15,36.02
brent,1990-11-15,33.07
brent,1990-12-15,28.27
brent,1991-01-15,23.57
brent,1991-02-15,19.54
brent,1991-03-15,19.08
brent,1991-04-15,19.18
brent,1991-05-15,19.19
brent,1991-06-15,18.17
brent,1991-07-15,19.4
brent,1991-08-15,19.77
brent,1991-09-15,20.5
brent,1991-10-15,22.21
brent,1991-11-15,21.11
brent,1991-12-15,18.41
brent,1992-01-15,18.16
brent,1992-02-15,18.05
brent,1992-03-15,17.63
brent,1992-04-15,18.92
brent,1992-05-15,19.89
brent,1992-06-15,21.16
brent,1992-07-15,20.24
brent,1992-08-15,19.74
brent,1992-09-15,20.27
brent,1992-10-15,20.26
brent,1992-11-15,19.21
brent,1992-12-15,18.14
brent,1993-01-15,17.39
brent,1993-02-15,18.47
brent,1993-03-15,18.79
brent,1993-04-15,18.67
brent,1993-05-15,18.51
brent,1993-06-15,17.65
brent,1993-07-15,16.78
brent,1993-08-15,16.7
brent,1993-09-15,16.01
brent,1993-10-15,16.61
brent,1993-11-15,15.2
brent,1993-12-15,13.73
brent,1994-01-15,14.29
brent,1994-02-15,13.8
brent,1994-03-15,13.82
brent,1994-04-15,15.23
brent,1994-05-15,16.19
brent,1994-06-15,16.76
brent,1994-07-15,17.6
brent,1994-08-15,16.89
brent,1994-09-15,15.9
brent,1994-10-15,16.49
brent,1994-11-15,17.19
brent,1994-12-15,15.93
brent,1995-01-15,16.55
brent,1995-02-15,17.11
brent,1995-03-15,17.01
brent,1995-04-15,18.65
brent,1995-05-15,18.35
brent,1995-06-15,17.31
brent,1995-07-15,15.85
brent,1995-08-15,16.1
brent,1995-09-15,16.7
brent,1995-10-15,16.11
brent,1995-11-15,16.86
brent,1995-12-15,17.93
brent,1996-01-15,17.85
brent,1996-02-15,18.0
brent,1996-03-15,19.85
brent,1996-04-15,20.9
brent,1996-05-15,19.15
brent,1996-06-15,18.46
brent,1996-07-15,19.57
brent,1996-08-15,20.51
brent,1996-09-15,22.63
brent,1996-10-15,24.16
brent,1996-11-15,22.76
brent,1996-12-15,23.78
brent,1997-01-15,23.54
brent,1997-02-15,20.85
brent,1997-03-15,19.13
brent,1997-04-15,17.56
brent,1997-05-15,19.02
brent,1997-06-15,17.58
brent,1997-07-15,18.46
brent,1997-08-15,18.6
brent,1997-09-15,18.46
brent,1997-10-15,19.87
brent,1997-11-15,19.17
brent,1997-12-15,17.18
brent,1998-01-15,15.19
brent,1998-02-15,14.07
brent,1998-03-15,13.1
brent,1998-04-15,13.53
brent,1998-05-15,14.36
brent,1998-06-15,12.21
brent,1998-07-15,12.08
brent,1998-08-15,11.91
brent,1998-09-15,13.34
brent,1998-10-15,12.7
brent,1998-11-15,11.04
brent,1998-12-15,9.82
brent,1999-01-15,11.11
brent,1999-02-15,10.27
brent,1999-03-15,12.51
brent,1999-04-15,15.29
brent,1999-05-15,15.23
brent,1999-06-15,15.86
brent,1999-07-15,19.08
brent,1999-08-15,20.22
brent,1999-09-15,22.54
brent,1999-10-15,22.0
brent,1999-11-15,24.58
brent,1999-12-15,25.47
brent,2000-01-15,25.51
brent,2000-02-15,27.78
brent,2000-03-15,27.49
brent,2000-04-15,22.76
brent,2000-05-15,27.74
brent,2000-06-15,29.8
brent,2000-07-15,28.68
brent,2000-08-15,30.2
brent,2000-09-15,33.14
brent,2000-10-15,30.96
brent,2000-11-15,32.55
brent,2000-12-15,25.66
brent,2001-01-15,25.62
brent,2001-02-15,27.5
brent,2001-03-15,24.5
brent,2001-04-15,25.66
brent,2001-05-15,28.31
brent,2001-06-15,27.85
brent,2001-07-15,24.61
brent,2001-08-15,25.68
brent,2001-09-15,25.62
brent,2001-10-15,20.54
brent,2001-11-15,18.8
brent,2001-12-15,18.71
brent,2002-01-15,19.42
brent,2002-02-15,20.28
brent,2002-03-15,23.7
brent,2002-04-15,25.73
brent,2002-05-15,25.35
brent,2002-06-15,24.08
brent,2002-07-15,25.74
brent,2002-08-15,26.65
brent,2002-09-15,28.4
brent,2002-10-15,27.54
brent,2002-11-15,24.34
brent,2002-12-15,28.33
brent,2003-01-15,31.18
brent,2003-02-15,32.77
brent,2003-03-15,30.61
brent,2003-04-15,25.0
brent,2003-05-15,25.86
brent,2003-06-15,27.65
brent,2003-07-15,28.35
brent,2003-08-15,29.89
brent,2003-09-15,27.11
brent,2003-10-15,29.61
brent,2003-11-15,28.75
brent,2003-12-15,29.81
brent,2004-01-15,31.28
brent,2004-02-15,30.86
brent,2004-03-15,33.63
brent,2004-04-15,33.59
brent,2004-05-15,37.57
brent,2004-06-15,35.18
brent,2004-07-15,38.22
brent,2004-08-15,42.74
brent,2004-09-15,43.2
brent,2004-10-15,49.78
brent,2004-11-15,43.11
brent,2004-12-15,39.6
brent,2005-01-15,44.51
brent,2005-02-15,45.48
brent,2005-03-15,53.1
brent,2005-04-15,51.88
brent,2005-05-15,48.65
brent,2005-06-15,54.35
brent,2005-07-15,57.52
brent,2005-08-15,63.98
brent,2005-09-15,62.91
brent,2005-10-15,58.54
brent,2005-11-15,55.24
brent,2005-12-15,56.86
brent,2006-01-15,62.99
brent,2006-02-15,60.21
brent,2006-03-15,62.06
brent,2006-04-15,70.26
brent,2006-05-15,69.78
brent,2006-06-15,68.56
brent,2006-07-15,73.67
brent,2006-08-15,73.23
brent,2006-09-15,61.96
brent,2006-10-15,57.81
brent,2006-11-15,58.76
brent,2006-12-15,62.47
brent,2007-01-15,53.68
brent,2007-02-15,57.56
brent,2007-03-15,62.05
brent,2007-04-15,67.49
brent,2007-05-15,67.21
brent,2007-06-15,71.05
brent,2007-07-15,76.93
brent,2007-08-15,70.76
brent,2007-09-15,77.17
brent,2007-10-15,82.34
brent,2007-11-15,92.41
brent,2007-12-15,90.93
brent,2008-01-15,92.18
brent,2008-02-15,94.99
brent,2008-03-15,103.64
brent,2008-04-15,109.07
brent,2008-05-15,122.8
brent,2008-06-15,132.32
brent,2008-07-15,132.72
brent,2008-08-15,113.24
brent,2008-09-15,97.23
brent,2008-10-15,71.58
brent,2008-11-15,52.45
brent,2008-12-15,39.95
brent,2009-01-15,43.44
brent,2009-02-15,43.32
brent,2009-03-15,46.54
brent,2009-04-15,50.18
brent,2009-05-15,57.3
brent,2009-06-15,68.61
brent,2009-07-15,64.44
brent,2009-08-15,72.51
brent,2009-09-15,67.65
brent,2009-10-15,72.77
brent,2009-11-15,76.66
brent,2009-12-15,74.46
brent,2010-01-15,76.17
brent,2010-02-15,73.75
brent,2010-03-15,78.83
brent,2010-04-15,84.82
brent,2010-05-15,75.95
brent,2010-06-15,74.76
brent,2010-07-15,75.58
brent,2010-08-15,77.04
brent,2010-09-15,77.84
brent,2010-10-15,82.67
brent,2010-11-15,85.28
brent,2010-12-15,91.45
brent,2011-01-15,96.52
brent,2011-02-15,103.72
brent,2011-03-15,114.64
brent,2011-04-15,123.26
brent,2011-05-15,114.99
brent,2011-06-15,113.83
brent,2011-07-15,116.97
brent,2011-08-15,110.22
brent,2011-09-15,112.83
brent,2011-10-15,109.55
brent,2011-11-15,110.77
brent,2011-12-15,107.87
brent,2012-01-15,110.69
brent,2012-02-15,119.33
brent,2012-03-15,125.45
brent,2012-04-15,119.75
brent,2012-05-15,110.34
brent,2012-06-15,95.16
brent,2012-07-15,102.62
brent,2012-08-15,113.36
brent,2012-09-15,112.86
brent,2012-10-15,111.71
brent,2012-11-15,109.06
brent,2012-12-15,109.49
brent,2013-01-15,112.96
brent,2013-02-15,116.05
brent,2013-03-15,108.47
brent,2013-04-15,102.25
brent,2013-05-15,102.56
brent,2013-06-15,102.92
brent,2013-07-15,107.93
brent,2013-08-15,111.28
brent,2013-09-15,111.6
brent,2013-10-15,109.08
brent,2013-11-15,107.79
brent,2013-12-15,110.76
brent,2014-01-15,108.12
brent,2014-02-15,108.9
brent,2014-03-15,107.48
brent,2014-04-15,107.76
brent,2014-05-15,109.54
brent,2014-06-15,111.8
brent,2014-07-15,106.77
brent,2014-08-15,101.61
brent,2014-09-15,97.09
brent,2014-10-15,87.43
brent,2014-11-15,79.44
brent,2014-12-15,62.34
brent,2015-01-15,47.76
brent,2015-02-15,58.1
brent,2015-03-15,55.89
brent,2015-04-15,59.52
brent,2015-05-15,64.08
brent,2015-06-15,61.48
brent,2015-07-15,56.56
brent,2015-08-15,46.52
brent,2015-09-15,47.62
brent,2015-10-15,48.43
brent,2015-11-15,44.27
brent,2015-12-15,38.01
brent,2016-01-15,30.7
brent,2016-02-15,32.18
brent,2016-03-15,38.21
brent,2016-04-15,41.58
brent,2016-05-15,46.74
brent,2016-06-15,48.25
brent,2016-07-15,44.95
brent,2016-08-15,45.84
brent,2016-09-15,46.57
brent,2016-10-15,49.52
brent,2016-11-15,44.73
brent,2016-12-15,53.31
brent,2017-01-15,54.58
brent,2017-02-15,54.87
brent,2017-03-15,51.59
brent,2017-04-15,52.31
brent,2017-05-15,50.33
brent,2017-06-15,46.37
brent,2017-07-15,48.48
brent,2017-08-15,51.7
brent,2017-09-15,56.15
brent,2017-10-15,57.51
brent,2017-11-15,62.71
brent,2017-12-15,64.37
brent,2018-01-15,69.08
brent,2018-02-15,65.32
brent,2018-03-15,66.02
brent,2018-04-15,72.11
brent,2018-05-15,76.98
brent,2018-06-15,74.41
brent,2018-07-15,74.25
brent,2018-08-15,72.53
brent,2018-09-15,78.89
brent,2018-10-15,81.03
brent,2018-11-15,64.75
brent,2018-12-15,57.36
brent,2019-01-15,59.41
brent,2019-02-15,63.96
brent,2019-03-15,66.14
brent,2019-04-15,71.23
brent,2019-05-15,71.32
brent,2019-06-15,64.22
brent,2019-07-15,63.92
brent,2019-08-15,59.04
brent,2019-09-15,62.83
brent,2019-10-15,59.71
brent,2019-11-15,63.21
brent,2019-12-15,67.31
brent,2020-01-15,63.65
brent,2020-02-15,55.66
brent,2020-03-15,32.01
brent,2020-04-15,18.38
brent,2020-05-15,29.38
brent,2020-06-15,40.27
brent,2020-07-15,43.24
brent,2020-08-15,44.74
brent,2020-09-15,40.91
brent,2020-10-15,40.19
brent,2020-11-15,42.69
brent,2020-12-15,49.99
brent,2021-01-15,54.77
brent,2021-02-15,62.28
brent,2021-03-15,65.41
brent,2021-04-15,64.81
brent,2021-05-15,68.53
brent,2021-06-15,73.16
brent,2021-07-15,75.17
brent,2021-08-15,70.75
brent,2021-09-15,74.49
brent,2021-10-15,83.54
brent,2021-11-15,81.05
brent,2021-12-15,74.17
brent,2022-01-15,86.51
brent,2022-02-15,97.13
brent,2022-03-15,117.25
brent,2022-04-15,104.58
brent,2022-05-15,113.34
brent,2022-06-15,122.71
brent,2022-07-15,111.93
brent,2022-08-15,100.45
brent,2022-09-15,89.77
gas,1997-01,3.45
gas,1997-02,2.15
gas,1997-03,1.89
gas,1997-04,2.03
gas,1997-05,2.25
gas,1997-06,2.2
gas,1997-07,2.19
gas,1997-08,2.49
gas,1997-09,2.88
gas,1997-10,3.07
gas,1997-11,3.01
gas,1997-12,2.35
gas,1998-01,2.09
gas,1998-02,2.23
gas,1998-03,2.24
gas,1998-04,2.43
gas,1998-05,2.14
gas,1998-06,2.17
gas,1998-07,2.17
gas,1998-08,1.85
gas,1998-09,2.02
gas,1998-10,1.91
gas,1998-11,2.12
gas,1998-12,1.72
gas,1999-01,1.85
gas,1999-02,1.77
gas,1999-03,1.79
gas,1999-04,2.15
gas,1999-05,2.26
gas,1999-06,2.3
gas,1999-07,2.31
gas,1999-08,2.8
gas,1999-09,2.55
gas,1999-10,2.73
gas,1999-11,2.37
gas,1999-12,2.36
gas,2000-01,2.42
gas,2000-02,2.66
gas,2000-03,2.79
gas,2000-04,3.04
gas,2000-05,3.59
gas,2000-06,4.29
gas,2000-07,3.99
gas,2000-08,4.43
gas,2000-09,5.06
gas,2000-10,5.02
gas,2000-11,5.52
gas,2000-12,8.9
gas,2001-01,8.17
gas,2001-02,5.61
gas,2001-03,5.23
gas,2001-04,5.19
gas,2001-05,4.19
gas,2001-06,3.72
gas,2001-07,3.11
gas,2001-08,2.97
gas,2001-09,2.19
gas,2001-10,2.46
gas,2001-11,2.34
gas,2001-12,2.3
gas,2002-01,2.32
gas,2002-02,2.32
gas,2002-03,3.03
gas,2002-04,3.43
gas,2002-05,3.5
gas,2002-06,3.26
gas,2002-07,2.99
gas,2002-08,3.09
gas,2002-09,3.55
gas,2002-10,4.13
gas,2002-11,4.04
gas,2002-12,4.74
gas,2003-01,5.43
gas,2003-02,7.71
gas,2003-03,5.93
gas,2003-04,5.26
gas,2003-05,5.81
gas,2003-06,5.82
gas,2003-07,5.03
gas,2003-08,4.99
gas,2003-09,4.62
gas,2003-10,4.63
gas,2003-11,4.47
gas,2003-12,6.13
gas,2004-01,6.14
gas,2004-02,5.37
gas,2004-03,5.39
gas,2004-04,5.71
gas,2004-05,6.33
gas,2004-06,6.27
gas,2004-07,5.93
gas,2004-08,5.41
gas,2004-09,5.15
gas,2004-10,6.35
gas,2004-11,6.17
gas,2004-12,6.58
gas,2005-01,6.15
gas,2005-02,6.14
gas,2005-03,6.96
gas,2005-04,7.16
gas,2005-05,6.47
gas,2005-06,7.18
gas,2005-07,7.63
gas,2005-08,9.53
gas,2005-09,11.75
gas,2005-10,13.42
gas,2005-11,10.3
gas,2005-12,13.05
gas,2006-01,8.689999999999998
gas,2006-02,7.54
gas,2006-03,6.89
gas,2006-04,7.16
gas,2006-05,6.25
gas,2006-06,6.21
gas,2006-07,6.17
gas,2006-08,7.14
gas,2006-09,4.9
gas,2006-10,5.85
gas,2006-11,7.41
gas,2006-12,6.73
gas,2007-01,6.55
gas,2007-02,8.0
gas,2007-03,7.11
gas,2007-04,7.599999999999999
gas,2007-05,7.639999999999999
gas,2007-06,7.349999999999999
gas,2007-07,6.22
gas,2007-08,6.22
gas,2007-09,6.08
gas,2007-10,6.74
gas,2007-11,7.1
gas,2007-12,7.11
gas,2008-01,7.99
gas,2008-02,8.54
gas,2008-03,9.41
gas,2008-04,10.18
gas,2008-05,11.27
gas,2008-06,12.69
gas,2008-07,11.09
gas,2008-08,8.259999999999998
gas,2008-09,7.67
gas,2008-10,6.74
gas,2008-11,6.68
gas,2008-12,5.82
gas,2009-01,5.24
gas,2009-02,4.52
gas,2009-03,3.96
gas,2009-04,3.5
gas,2009-05,3.83
gas,2009-06,3.8
gas,2009-07,3.38
gas,2009-08,3.14
gas,2009-09,2.99
gas,2009-10,4.01
gas,2009-11,3.66
gas,2009-12,5.35
gas,2010-01,5.83
gas,2010-02,5.32
gas,2010-03,4.29
gas,2010-04,4.03
gas,2010-05,4.14
gas,2010-06,4.8
gas,2010-07,4.63
gas,2010-08,4.32
gas,2010-09,3.89
gas,2010-10,3.43
gas,2010-11,3.71
gas,2010-12,4.25
gas,2011-01,4.49
gas,2011-02,4.09
gas,2011-03,3.97
gas,2011-04,4.24
gas,2011-05,4.31
gas,2011-06,4.54
gas,2011-07,4.42
gas,2011-08,4.06
gas,2011-09,3.9
gas,2011-10,3.57
gas,2011-11,3.24
gas,2011-12,3.17
gas,2012-01,2.67
gas,2012-02,2.51
gas,2012-03,2.17
gas,2012-04,1.95
gas,2012-05,2.43
gas,2012-06,2.46
gas,2012-07,2.95
gas,2012-08,2.84
gas,2012-09,2.85
gas,2012-10,3.32
gas,2012-11,3.54
gas,2012-12,3.34
gas,2013-01,3.33
gas,2013-02,3.33
gas,2013-03,3.81
gas,2013-04,4.17
gas,2013-05,4.04
gas,2013-06,3.83
gas,2013-07,3.62
gas,2013-08,3.43
gas,2013-09,3.62
gas,2013-10,3.68
gas,2013-11,3.64
gas,2013-12,4.24
gas,2014-01,4.71
gas,2014-02,6.0
gas,2014-03,4.9
gas,2014-04,4.66
gas,2014-05,4.58
gas,2014-06,4.59
gas,2014-07,4.05
gas,2014-08,3.91
gas,2014-09,3.92
gas,2014-10,3.78
gas,2014-11,4.12
gas,2014-12,3.48
gas,2015-01,2.99
gas,2015-02,2.87
gas,2015-03,2.83
gas,2015-04,2.61
gas,2015-05,2.85
gas,2015-06,2.78
gas,2015-07,2.84
gas,2015-08,2.77
gas,2015-09,2.66
gas,2015-10,2.34
gas,2015-11,2.09
gas,2015-12,1.93
gas,2016-01,2.28
gas,2016-02,1.99
gas,2016-03,1.73
gas,2016-04,1.92
gas,2016-05,1.92
gas,2016-06,2.59
gas,2016-07,2.82
gas,2016-08,2.82
gas,2016-09,2.99
gas,2016-10,2.98
gas,2016-11,2.55
gas,2016-12,3.59
gas,2017-01,3.3
gas,2017-02,2.85
gas,2017-03,2.88
gas,2017-04,3.1
gas,2017-05,3.15
gas,2017-06,2.98
gas,2017-07,2.98
gas,2017-08,2.9
gas,2017-09,2.98
gas,2017-10,2.88
gas,2017-11,3.01
gas,2017-12,2.82
gas,2018-01,3.87
gas,2018-02,2.67
gas,2018-03,2.69
gas,2018-04,2.8
gas,2018-05,2.8
gas,2018-06,2.97
gas,2018-07,2.83
gas,2018-08,2.96
gas,2018-09,3.0
gas,2018-10,3.28
gas,2018-11,4.09
gas,2018-12,4.04
gas,2019-01,3.11
gas,2019-02,2.69
gas,2019-03,2.95
gas,2019-04,2.65
gas,2019-05,2.64
gas,2019-06,2.4
gas,2019-07,2.37
gas,2019-08,2.22
gas,2019-09,2.56
gas,2019-10,2.33
gas,2019-11,2.65
gas,2019-12,2.22
gas,2020-01,2.02
gas,2020-02,1.91
gas,2020-03,1.79
gas,2020-04,1.74
gas,2020-05,1.75
gas,2020-06,1.63
gas,2020-07,1.77
gas,2020-08,2.3
wti,1986-01-15,22.93
wti,1986-02-15,15.46
wti,1986-03-15,12.61
wti,1986-04-15,12.84
wti,1986-05-15,15.38
wti,1986-06-15,13.43
wti,1986-07-15,11.59
wti,1986-08-15,15.1
wti,1986-09-15,14.87
wti,1986-10-15,14.9
wti,1986-11-15,15.22
wti,1986-12-15,16.11
wti,1987-01-15,18.65
wti,1987-02-15,17.75
wti,1987-03-15,18.3
wti,1987-04-15,18.68
wti,1987-05-15,19.44
wti,1987-06-15,20.07
wti,1987-07-15,21.34
wti,1987-08-15,20.31
wti,1987-09-15,19.53
wti,1987-10-15,19.86
wti,1987-11-15,18.85
wti,1987-12-15,17.28
wti,1988-01-15,17.13
wti,1988-02-15,16.8
wti,1988-03-15,16.2
wti,1988-04-15,17.86
wti,1988-05-15,17.42
wti,1988-06-15,16.53
wti,1988-07-15,15.5
wti,1988-08-15,15.52
wti,1988-09-15,14.54
wti,1988-10-15,13.77
wti,1988-11-15,14.14
wti,1988-12-15,16.38
wti,1989-01-15,18.02
wti,1989-02-15,17.94
wti,1989-03-15,19.48
wti,1989-04-15,21.07
wti,1989-05-15,20.12
wti,1989-06-15,20.05
wti,1989-07-15,19.78
wti,1989-08-15,18.58
wti,1989-09-15,19.59
wti,1989-10-15,20.1
wti,1989-11-15,19.86
wti,1989-12-15,21.1
wti,1990-01-15,22.86
wti,1990-02-15,22.11
wti,1990-03-15,20.39
wti,1990-04-15,18.43
wti,1990-05-15,18.2
wti,1990-06-15,16.7
wti,1990-07-15,18.45
wti,1990-08-15,27.31
wti,1990-09-15,33.51
wti,1990-10-15,36.04
wti,1990-11-15,32.33
wti,1990-12-15,27.28
wti,1991-01-15,25.23
wti,1991-02-15,20.48
wti,1991-03-15,19.9
wti,1991-04-15,20.83
wti,1991-05-15,21.23
wti,1991-06-15,20.19
wti,1991-07-15,21.4
wti,1991-08-15,21.69
wti,1991-09-15,21.89
wti,1991-10-15,23.23
wti,1991-11-15,22.46
wti,1991-12-15,19.5
wti,1992-01-15,18.79
wti,1992-02-15,19.01
wti,1992-03-15,18.92
wti,1992-04-15,20.23
wti,1992-05-15,20.98
wti,1992-06-15,22.39
wti,1992-07-15,21.78
wti,1992-08-15,21.34
wti,1992-09-15,21.88
wti,1992-10-15,21.69
wti,1992-11-15,20.34
wti,1992-12-15,19.41
wti,1993-01-15,19.03
wti,1993-02-15,20.09
wti,1993-03-15,20.32
wti,1993-04-15,20.25
wti,1993-05-15,19.95
wti,1993-06-15,19.09
wti,1993-07-15,17.89
wti,1993-08-15,18.01
wti,1993-09-15,17.5
wti,1993-10-15,18.15
wti,1993-11-15,16.61
wti,1993-12-15,14.52
wti,1994-01-15,15.03
wti,1994-02-15,14.78
wti,1994-03-15,14.68
wti,1994-04-15,16.42
wti,1994-05-15,17.89
wti,1994-06-15,19.06
wti,1994-07-15,19.66
wti,1994-08-15,18.38
wti,1994-09-15,17.45
wti,1994-10-15,17.72
wti,1994-11-15,18.07
wti,1994-12-15,17.16
wti,1995-01-15,18.04
wti,1995-02-15,18.57
wti,1995-03-15,18.54
wti,1995-04-15,19.9
wti,1995-05-15,19.74
wti,1995-06-15,18.45
wti,1995-07-15,17.33
wti,1995-08-15,18.02
wti,1995-09-15,18.23
wti,1995-10-15,17.43
wti,1995-11-15,17.99
wti,1995-12-15,19.03
wti,1996-01-15,18.86
wti,1996-02-15,19.09
wti,1996-03-15,21.33
wti,1996-04-15,23.5
wti,1996-05-15,21.17
wti,1996-06-15,20.42
wti,1996-07-15,21.3
wti,1996-08-15,21.9
wti,1996-09-15,23.97
wti,1996-10-15,24.88
wti,1996-11-15,23.71
wti,1996-12-15,25.23
wti,1997-01-15,25.13
wti,1997-02-15,22.18
wti,1997-03-15,20.97
wti,1997-04-15,19.7
wti,1997-05-15,20.82
wti,1997-06-15,19.26
wti,1997-07-15,19.66
wti,1997-08-15,19.95
wti,1997-09-15,19.8
wti,1997-10-15,21.33
wti,1997-11-15,20.19
wti,1997-12-15,18.33
wti,1998-01-15,16.72
wti,1998-02-15,16.06
wti,1998-03-15,15.12
wti,1998-04-15,15.35
wti,1998-05-15,14.91
wti,1998-06-15,13.72
wti,1998-07-15,14.17
wti,1998-08-15,13.47
wti,1998-09-15,15.03
wti,1998-10-15,14.46
wti,1998-11-15,13.0
wti,1998-12-15,11.35
wti,1999-01-15,12.52
wti,1999-02-15,12.01
wti,1999-03-15,14.68
wti,1999-04-15,17.31
wti,1999-05-15,17.72
wti,1999-06-15,17.92
wti,1999-07-15,20.1
wti,1999-08-15,21.28
wti,1999-09-15,23.8
wti,1999-10-15,22.69
wti,1999-11-15,25.0
wti,1999-12-15,26.1
wti,2000-01-15,27.26
wti,2000-02-15,29.37
wti,2000-03-15,29.84
wti,2000-04-15,25.72
wti,2000-05-15,28.79
wti,2000-06-15,31.82
wti,2000-07-15,29.7
wti,2000-08-15,31.26
wti,2000-09-15,33.88
wti,2000-10-15,33.11
wti,2000-11-15,34.42
wti,2000-12-15,28.44
wti,2001-01-15,29.59
wti,2001-02-15,29.61
wti,2001-03-15,27.25
wti,2001-04-15,27.49
wti,2001-05-15,28.63
wti,2001-06-15,27.6
wti,2001-07-15,26.43
wti,2001-08-15,27.37
wti,2001-09-15,26.2
wti,2001-10-15,22.17
wti,2001-11-15,19.64
wti,2001-12-15,19.39
wti,2002-01-15,19.72
wti,2002-02-15,20.72
wti,2002-03-15,24.53
wti,2002-04-15,26.18
wti,2002-05-15,27.04
wti,2002-06-15,25.52
wti,2002-07-15,26.97
wti,2002-08-15,28.39
wti,2002-09-15,29.66
wti,2002-10-15,28.84
wti,2002-11-15,26.35
wti,2002-12-15,29.46
wti,2003-01-15,32.95
wti,2003-02-15,35.83
wti,2003-03-15,33.51
wti,2003-04-15,28.17
wti,2003-05-15,28.11
wti,2003-06-15,30.66
wti,2003-07-15,30.76
wti,2003-08-15,31.57
wti,2003-09-15,28.31
wti,2003-10-15,30.34
wti,2003-11-15,31.11
wti,2003-12-15,32.13
wti,2004-01-15,34.31
wti,2004-02-15,34.69
wti,2004-03-15,36.74
wti,2004-04-15,36.75
wti,2004-05-15,40.28
wti,2004-06-15,38.03
wti,2004-07-15,40.78
wti,2004-08-15,44.9
wti,2004-09-15,45.94
wti,2004-10-15,53.28
wti,2004-11-15,48.47
wti,2004-12-15,43.15
wti,2005-01-15,46.84
wti,2005-02-15,48.15
wti,2005-03-15,54.19
wti,2005-04-15,52.98
wti,2005-05-15,49.83
wti,2005-06-15,56.35
wti,2005-07-15,59.0
wti,2005-08-15,64.99
wti,2005-09-15,65.59
wti,2005-10-15,62.26
wti,2005-11-15,58.32
wti,2005-12-15,59.41
wti,2006-01-15,65.49
wti,2006-02-15,61.63
wti,2006-03-15,62.69
wti,2006-04-15,69.44
wti,2006-05-15,70.84
wti,2006-06-15,70.95
wti,2006-07-15,74.41
wti,2006-08-15,73.04
wti,2006-09-15,63.8
wti,2006-10-15,58.89
wti,2006-11-15,59.08
wti,2006-12-15,61.96
wti,2007-01-15,54.51
wti,2007-02-15,59.28
wti,2007-03-15,60.44
wti,2007-04-15,63.98
wti,2007-05-15,63.46
wti,2007-06-15,67.49
wti,2007-07-15,74.12
wti,2007-08-15,72.36
wti,2007-09-15,79.92
wti,2007-10-15,85.8
wti,2007-11-15,94.77
wti,2007-12-15,91.69
wti,2008-01-15,92.97
wti,2008-02-15,95.39
wti,2008-03-15,105.45
wti,2008-04-15,112.58
wti,2008-05-15,125.4
wti,2008-06-15,133.88
wti,2008-07-15,133.37
wti,2008-08-15,116.67
wti,2008-09-15,104.11
wti,2008-10-15,76.61
wti,2008-11-15,57.31
wti,2008-12-15,41.12
wti,2009-01-15,41.71
wti,2009-02-15,39.09
wti,2009-03-15,47.94
wti,2009-04-15,49.65
wti,2009-05-15,59.03
wti,2009-06-15,69.64
wti,2009-07-15,64.15
wti,2009-08-15,71.05
wti,2009-09-15,69.41
wti,2009-10-15,75.72
wti,2009-11-15,77.99
wti,2009-12-15,74.47
wti,2010-01-15,78.33
wti,2010-02-15,76.39
wti,2010-03-15,81.2
wti,2010-04-15,84.29
wti,2010-05-15,73.74
wti,2010-06-15,75.34
wti,2010-07-15,76.32
wti,2010-08-15,76.6
wti,2010-09-15,75.24
wti,2010-10-15,81.89
wti,2010-11-15,84.25
wti,2010-12-15,89.15
wti,2011-01-15,89.17
wti,2011-02-15,88.58
wti,2011-03-15,102.86
wti,2011-04-15,109.53
wti,2011-05-15,100.9
wti,2011-06-15,96.26
wti,2011-07-15,97.3
wti,2011-08-15,86.33
wti,2011-09-15,85.52
wti,2011-10-15,86.32
wti,2011-11-15,97.16
wti,2011-12-15,98.56
wti,2012-01-15,100.27
wti,2012-02-15,102.2
wti,2012-03-15,106.16
wti,2012-04-15,103.32
wti,2012-05-15,94.66
wti,2012-06-15,82.3
wti,2012-07-15,87.9
wti,2012-08-15,94.13
wti,2012-09-15,94.51
wti,2012-10-15,89.49
wti,2012-11-15,86.53
wti,2012-12-15,87.86
wti,2013-01-15,94.76
wti,2013-02-15,95.31
wti,2013-03-15,92.94
wti,2013-04-15,92.02
wti,2013-05-15,94.51
wti,2013-06-15,95.77
wti,2013-07-15,104.67
wti,2013-08-15,106.57
wti,2013-09-15,106.29
wti,2013-10-15,100.54
wti,2013-11-15,93.86
wti,2013-12-15,97.63
wti,2014-01-15,94.62
wti,2014-02-15,100.82
wti,2014-03-15,100.8
wti,2014-04-15,102.07
wti,2014-05-15,102.18
wti,2014-06-15,105.79
wti,2014-07-15,103.59
wti,2014-08-15,96.54
wti,2014-09-15,93.21
wti,2014-10-15,84.4
wti,2014-11-15,75.79
wti,2014-12-15,59.29
wti,2015-01-15,47.22
wti,2015-02-15,50.58
wti,2015-03-15,47.82
wti,2015-04-15,54.45
wti,2015-05-15,59.27
wti,2015-06-15,59.82
wti,2015-07-15,50.9
wti,2015-08-15,42.87
wti,2015-09-15,45.48
wti,2015-10-15,46.22
wti,2015-11-15,42.44
wti,2015-12-15,37.19
wti,2016-01-15,31.68
wti,2016-02-15,30.32
wti,2016-03-15,37.55
wti,2016-04-15,40.75
wti,2016-05-15,46.71
wti,2016-06-15,48.76
wti,2016-07-15,44.65
wti,2016-08-15,44.72
wti,2016-09-15,45.18
wti,2016-10-15,49.78
wti,2016-11-15,45.66
wti,2016-12-15,51.97
wti,2017-01-15,52.5
wti,2017-02-15,53.47
wti,2017-03-15,49.33
wti,2017-04-15,51.06
wti,2017-05-15,48.48
wti,2017-06-15,45.18
wti,2017-07-15,46.63
wti,2017-08-15,48.04
wti,2017-09-15,49.82
wti,2017-10-15,51.58
wti,2017-11-15,56.64
wti,2017-12-15,57.88
wti,2018-01-15,63.7
wti,2018-02-15,62.23
wti,2018-03-15,62.73
wti,2018-04-15,66.25
wti,2018-05-15,69.98
wti,2018-06-15,67.87
wti,2018-07-15,70.98
wti,2018-08-15,68.06
wti,2018-09-15,70.23
wti,2018-10-15,70.75
wti,2018-11-15,56.96
wti,2018-12-15,49.52
wti,2019-01-15,51.38
wti,2019-02-15,54.95
wti,2019-03-15,58.15
wti,2019-04-15,63.86
wti,2019-05-15,60.83
wti,2019-06-15,54.66
wti,2019-07-15,57.35
wti,2019-08-15,54.81
wti,2019-09-15,56.95
wti,2019-10-15,53.96
wti,2019-11-15,57.03
wti,2019-12-15,59.88
wti,2020-01-15,57.52
wti,2020-02-15,50.54
wti,2020-03-15,29.21
wti,2020-04-15,16.55
wti,2020-05-15,28.56
wti,2020-06-15,38.31
wti,2020-07-15,40.71
wti,2020-08-15,42.34
wti,2020-09-15,39.63
wti,2020-10-15,39.4
wti,2020-11-15,40.94
wti,2020-12-15,47.02
wti,2021-01-15,52.0
wti,2021-02-15,59.04
wti,2021-03-15,62.33
wti,2021-04-15,61.72
wti,2021-05-15,65.17
wti,2021-06-15,71.38
wti,2021-07-15,72.49
wti,2021-08-15,67.73
wti,2021-09-15,71.65
wti,2021-10-15,81.48
wti,2021-11-15,79.15
wti,2021-12-15,71.71
wti,2022-01-15,83.22
wti,2022-02-15,91.64
wti,2022-03-15,108.5
wti,2022-04-15,101.78
wti,2022-05-15,109.55
wti,2022-06-15,114.84
wti,2022-07-15,101.62
wti,2022-08-15,93.67
wti,2022-09-15,84.26
